,accuracy,f1,precision,recall
min_baseline,0.6631578947368421,0.6678928361468044,0.6699186991869919,0.6661111111111112
