,accuracy,f1,precision,recall,roc_auc_ovr
min_baseline,0.6631578947368421,0.6678928361468044,0.6699186991869919,0.6661111111111112,
bow l1 only release,0.6212121212121212,0.6270575119679979,0.6429951690821256,0.6193109585558099,0.7655198105800731
bow elasticnet,0.7121212121212122,0.7131868131868133,0.725108225108225,0.7075069921179761,0.8755406579803614
bow release title,0.7121212121212122,0.7131868131868133,0.725108225108225,0.7075069921179761,0.8741753208787421
bow release all num,0.7121212121212122,0.7114083080040526,0.719017094017094,0.7081108568522755,0.8634446092265278
bow svc only release,0.6818181818181818,0.6882931882931883,0.699346405228758,0.6821764556318332,0.8387187780696953
