Модель;Accuracy;F-score;Recall;Precision;ROC-AUC OvR;ROC-AUC OvO
SVM;0.691176;0.693718;0.700864;0.691017;0.840529;0.844115
KNN;0.779412;0.779213;0.780731;0.779259;0.834168;0.835548
Random Forest;0.632353;0.631884;0.620548;0.681082;0.817684;0.822178
CatBoost;0.514706;0.520886;0.506572;0.571789;0.701963;0.709235
LightGBM;0.588235;0.598482;0.584844;0.637146;0.789938;0.796427
XGBoost;0.632353;0.633905;0.625271;0.653274;0.766337;0.771152
TimeSeries (KNN);0.705882;0.713066;0.70994;0.717836;0.806009;0.809599
Ансамбль;0.764706;0.767806;0.766238;0.771946;0.860113;0.863595
