,accuracy,f1,recall,precision,roc_auc_ovr,roc_auc_ovo
Sentence transformer,0.6619718309859155,0.6728867623604465,0.668233082706767,0.6831140350877193,0.8152319401505578,0.8237912489557226
